{"_wandb":{"runtime":0},"loss":0.0740712629314916,"_timestamp":1.7373145195115461e+09,"_runtime":0.625351142,"_step":7,"acc":0.893992747362288}